epoch,loss
1,5.945074081420898
2,5.60214376449585
3,5.325343132019043
4,5.326999664306641
5,5.157052993774414
