epoch,loss
1,5.722405433654785
2,5.23569917678833
